Unnamed: 0,question,answer
0,what are the system requirements for running this software?,"the minimum system requirements are windows 10, 8gb ram, 2ghz processor, and 50gb free disk space."
1,how do i reset my password?,"to reset your password, click on the forgot password link on the login page and follow the instructions."
2,what are the available payment methods?,"we accept visa, mastercard, american express, and paypal."
3,is there a free trial available?,"yes, we offer a 30day free trial for new users."
4,how do i contact customer support?,you can contact our customer support team by email at supportexample.com or by phone at 18001234567.
5,what is the refund policy?,we offer a full refund within 30 days of purchase if you are not satisfied with our product.
6,can i upgrade my subscription plan later?,"yes, you can easily upgrade your subscription plan at any time through your account settings."
7,where can i find the user manual?,the user manual is available for download on our website under the support section.
8,what are the supported operating systems?,"our software is supported on windows, macos, and linux."
9,how do i report a bug or issue?,"to report a bug or issue, please submit a ticket through our online support portal."
